,filename,distances
0,image_0146.jpg,2916468
1,image_0152.jpg,5040573
2,image_0185.jpg,19530
3,image_0191.jpg,50139
4,image_0218.jpg,639316
5,image_0230.jpg,973245
6,image_0224.jpg,980153
7,image_0032.jpg,3031
8,image_0026.jpg,539372
9,image_0027.jpg,4488
10,image_0033.jpg,6229
11,image_0225.jpg,1676124
12,image_0231.jpg,118367
13,image_0219.jpg,413716
14,image_0190.jpg,351017
15,image_0184.jpg,41064
16,image_0153.jpg,251915
17,image_0147.jpg,28940
18,image_0179.jpg,221038
19,image_0151.jpg,210502
20,image_0145.jpg,13418
21,image_0192.jpg,2201894
22,image_0186.jpg,259285
23,image_0227.jpg,637204
24,image_0233.jpg,73005
25,image_0019.jpg,9268
26,image_0025.jpg,78526
27,image_0031.jpg,46357
28,image_0030.jpg,10711
29,image_0024.jpg,105458
30,image_0018.jpg,200944
31,image_0597.jpg,1242
32,image_0232.jpg,533252
33,image_0226.jpg,2476714
34,image_0187.jpg,1305709
35,image_0193.jpg,5081
36,image_0144.jpg,5330
37,image_0150.jpg,892864
38,image_0178.jpg,2093963
39,image_0154.jpg,1331207
40,image_0140.jpg,768107
41,image_0168.jpg,1124303
42,image_0197.jpg,6588
43,image_0183.jpg,1989806
44,image_0222.jpg,9292
45,image_0236.jpg,39990
46,image_0020.jpg,2303
47,image_0034.jpg,40727
48,image_0008.jpg,190100
49,image_0009.jpg,1002417
50,image_0035.jpg,3257773
51,image_0021.jpg,278890
52,image_0237.jpg,388517
53,image_0223.jpg,262986
54,image_0182.jpg,27774
55,image_0196.jpg,1368655
56,image_0169.jpg,10446
57,image_0141.jpg,19978
58,image_0155.jpg,195438
59,image_0143.jpg,598532
60,image_0157.jpg,394533
61,image_0180.jpg,30890
62,image_0194.jpg,253450
63,image_0235.jpg,32807
64,image_0221.jpg,6327040
65,image_0209.jpg,3516820
66,image_0037.jpg,165533
67,image_0023.jpg,25620
68,image_0022.jpg,5874
69,image_0036.jpg,3314
70,image_0208.jpg,10686
71,image_0220.jpg,1509023
72,image_0234.jpg,38116
73,image_0195.jpg,1024255
74,image_0181.jpg,5843
75,image_0156.jpg,321651
76,image_0142.jpg,6329
77,image_0119.jpg,2325010
78,image_0125.jpg,1100130
79,image_0131.jpg,116486
80,image_0253.jpg,498503
81,image_0247.jpg,1098193
82,image_0079.jpg,579111
83,image_0051.jpg,35983
84,image_0045.jpg,38750
85,image_0092.jpg,44804
86,image_0086.jpg,6064940
87,image_0087.jpg,1437134
88,image_0093.jpg,111536
89,image_0044.jpg,215998
90,image_0050.jpg,49751
91,image_0078.jpg,74471
92,image_0246.jpg,1645
93,image_0252.jpg,13005
94,image_0130.jpg,76189
95,image_0124.jpg,261039
96,image_0118.jpg,23278
97,image_0132.jpg,180805
98,image_0126.jpg,1065359
99,image_0244.jpg,6552974
100,image_0250.jpg,177144
101,image_0046.jpg,6229
102,image_0052.jpg,272072
103,image_0085.jpg,11470
104,image_0091.jpg,56252
105,image_0090.jpg,13273
106,image_0084.jpg,1504
107,image_0053.jpg,154555
108,image_0047.jpg,41895
109,image_0251.jpg,96358
110,image_0245.jpg,5816
111,image_0127.jpg,17652
112,image_0133.jpg,38750
113,image_0137.jpg,6687
114,image_0123.jpg,210694
115,image_0241.jpg,692613
116,image_0043.jpg,28634
117,image_0057.jpg,4339
118,image_0080.jpg,48513
119,image_0094.jpg,51517
120,image_0095.jpg,18706
121,image_0081.jpg,92884
122,image_0056.jpg,8559
123,image_0042.jpg,36960
124,image_0240.jpg,868863
125,image_0122.jpg,9560
126,image_0136.jpg,30743
127,image_0120.jpg,69515
128,image_0134.jpg,741511
129,image_0108.jpg,340043
130,image_0242.jpg,4113304
131,image_0054.jpg,1140878
132,image_0040.jpg,3180
133,image_0068.jpg,8272
134,image_0097.jpg,4551
135,image_0083.jpg,64900
136,image_0082.jpg,274323
137,image_0096.jpg,2695
138,image_0069.jpg,54401
139,image_0041.jpg,84626
140,image_0055.jpg,26593
141,image_0243.jpg,4238384
142,image_0109.jpg,51203
143,image_0135.jpg,62405
144,image_0121.jpg,5971
145,image_0138.jpg,2187754
146,image_0104.jpg,1446
147,image_0110.jpg,11929
148,image_0058.jpg,29310
149,image_0070.jpg,10086
150,image_0064.jpg,172190
151,image_0065.jpg,39607
152,image_0071.jpg,2415
153,image_0059.jpg,131827
154,image_0111.jpg,1831
155,image_0105.jpg,6736612
156,image_0139.jpg,95385
157,image_0113.jpg,206670
158,image_0107.jpg,49897
159,image_0067.jpg,26296
160,image_0073.jpg,52034
161,image_0098.jpg,10028
162,image_0099.jpg,16868
163,image_0072.jpg,45093
164,image_0066.jpg,3779
165,image_0106.jpg,580847
166,image_0112.jpg,9356
167,image_0116.jpg,34635
168,image_0102.jpg,4346551
169,image_0248.jpg,1240173
170,image_0062.jpg,8486
171,image_0076.jpg,707310
172,image_0089.jpg,2793
173,image_0088.jpg,46562
174,image_0077.jpg,7032
175,image_0063.jpg,46348
176,image_0249.jpg,78917
177,image_0103.jpg,46142
178,image_0117.jpg,208599
179,image_0101.jpg,2292
180,image_0115.jpg,22923
181,image_0129.jpg,534424
182,image_0075.jpg,19576
183,image_0061.jpg,28208
184,image_0049.jpg,349457
185,image_0048.jpg,46075
186,image_0060.jpg,7494
187,image_0074.jpg,78541
188,image_0128.jpg,1126895
189,image_0114.jpg,26072
190,image_0100.jpg,11517
191,image_0167.jpg,46968
192,image_0173.jpg,935313
193,image_0198.jpg,41533
194,image_0239.jpg,8019
195,image_0211.jpg,88661
196,image_0205.jpg,143087
197,image_0013.jpg,7327
198,image_0007.jpg,1294014
199,image_0006.jpg,16567
200,image_0012.jpg,91588
201,image_0204.jpg,1074096
202,image_0210.jpg,10013
203,image_0238.jpg,481889
204,image_0199.jpg,8636
205,image_0172.jpg,245037
206,image_0166.jpg,15606
207,image_0158.jpg,12303
208,image_0170.jpg,576947
209,image_0164.jpg,1454318
210,image_0206.jpg,501094
211,image_0212.jpg,2436845
212,image_0038.jpg,2212
213,image_0004.jpg,127085
214,image_0010.jpg,112955
215,image_0011.jpg,1781
216,image_0005.jpg,79040
217,image_0039.jpg,6290134
218,image_0213.jpg,23490
219,image_0207.jpg,9306
220,image_0165.jpg,171658
221,image_0171.jpg,2307
222,image_0159.jpg,105184
223,image_0175.jpg,1819265
224,image_0161.jpg,5272
225,image_0149.jpg,67853
226,image_0203.jpg,16679
227,image_0217.jpg,6291382
228,image_0015.jpg,128379
229,image_0029.jpg,20128
230,image_0028.jpg,35992
231,image_0014.jpg,46113
232,image_0216.jpg,66683
233,image_0202.jpg,47600
234,image_0148.jpg,80028
235,image_0160.jpg,482969
236,image_0174.jpg,53800
237,image_0162.jpg,4036
238,image_0176.jpg,257305
239,image_0189.jpg,2589147
240,image_0214.jpg,409219
241,image_0200.jpg,81741
242,image_0228.jpg,71887
243,image_0016.jpg,11941
244,image_0002.jpg,36863
245,image_0003.jpg,1612899
246,image_0017.jpg,853481
247,image_0229.jpg,5428570
248,image_0201.jpg,3046989
249,image_0215.jpg,128402
250,image_0188.jpg,1169338
251,image_0177.jpg,472882
252,image_0163.jpg,121608
